{
 "EC": 1.56787912052976e-25,
 "EJ/EC": 60.0709780761029
}