{
 "EC": 1.9451662862473639e-25,
 "EJ/EC": 48.41952739013566
}