{
 "equivL(H):": 8.520286592206533e-10,
 "equivC(F):": 8.32834945903671e-13
}